City_ID,City,Country,Date,Lat,Lng,Max Temp,Humidity,Cloudiness,Wind Speed
0,Kashi,CN,2022-10-26 00:09:22,39.4547,75.9797,49.41,33,100,3.0
1,Hithadhoo,MV,2022-10-26 00:09:22,-0.6,73.0833,82.44,72,32,11.61
2,Flin Flon,CA,2022-10-26 00:07:55,54.7682,-101.865,27.5,92,100,5.77
3,Mandal,IN,2022-10-26 00:09:22,25.45,74.5667,69.58,36,0,5.14
4,Honningsvag,NO,2022-10-26 00:09:23,70.9821,25.9704,33.55,80,40,14.97
5,Mar Del Plata,AR,2022-10-26 00:08:17,-38.0023,-57.5575,67.08,85,100,14.0
6,Beringovskiy,RU,2022-10-26 00:09:23,63.05,179.3167,21.79,73,85,9.13
7,Husavik,IS,2022-10-26 00:09:23,66.0449,-17.3389,36.28,92,100,7.45
8,La Ronge,CA,2022-10-26 00:09:24,55.1001,-105.2842,30.4,67,99,0.51
9,Santa Cruz,BO,2022-10-26 00:06:46,-17.8,-63.1667,81.86,69,20,5.75
10,Acari,PE,2022-10-26 00:09:24,-15.4311,-74.6158,66.13,73,9,5.28
11,Victoria,HK,2022-10-26 00:07:42,22.2855,114.1577,75.38,66,96,11.99
12,Olafsvik,IS,2022-10-26 00:09:25,64.8945,-23.7142,42.08,82,100,21.52
13,Lieksa,FI,2022-10-26 00:09:25,63.3167,30.0167,32.7,90,99,9.66
14,Yellowknife,CA,2022-10-26 00:09:25,62.456,-114.3525,23.56,79,80,11.01
15,Nadym,RU,2022-10-26 00:09:25,65.5333,72.5167,22.84,96,92,8.12
16,Pisco,PE,2022-10-26 00:09:26,-13.7,-76.2167,60.85,82,0,18.41
17,Grindavik,IS,2022-10-26 00:09:26,63.8424,-22.4338,45.07,81,75,17.27
18,Hamilton,US,2022-10-26 00:06:34,39.1834,-84.5333,73.8,57,20,3.44
19,Punta Arenas,CL,2022-10-26 00:09:26,-53.15,-70.9167,48.31,66,100,11.5
20,Rikitea,PF,2022-10-26 00:09:27,-23.1203,-134.9692,73.42,74,62,16.28
21,Ponta Do Sol,PT,2022-10-26 00:09:27,32.6667,-17.1,72.23,91,53,5.86
22,Touros,BR,2022-10-26 00:09:27,-5.1989,-35.4608,77.9,76,41,14.23
23,Peterhead,GB,2022-10-26 00:09:28,57.5058,-1.7981,54.0,89,100,15.59
24,Hermanus,ZA,2022-10-26 00:09:28,-34.4187,19.2345,59.81,77,100,12.82
25,Kondoa,TZ,2022-10-26 00:09:28,-4.9,35.7833,59.38,89,15,5.23
26,Busselton,AU,2022-10-26 00:09:28,-33.65,115.3333,57.24,79,82,8.77
27,Barrow,US,2022-10-26 00:09:29,71.2906,-156.7887,19.42,93,100,21.85
28,Adrar,MR,2022-10-26 00:09:29,20.5022,-10.0711,79.92,15,96,9.57
29,Okha,RU,2022-10-26 00:09:29,53.5739,142.9478,37.89,67,59,6.53
30,Hirara,JP,2022-10-26 00:09:29,24.8,125.2833,73.9,69,100,18.57
31,Ondangwa,NA,2022-10-26 00:09:31,-17.9167,15.95,78.44,40,56,9.48
32,Caravelas,BR,2022-10-26 00:09:31,-17.7125,-39.2481,71.6,92,19,4.25
33,Burnie,AU,2022-10-26 00:05:21,-41.0667,145.9167,56.14,92,100,7.78
34,Lebu,CL,2022-10-26 00:09:31,-37.6167,-73.65,54.5,95,88,9.01
35,Butte,US,2022-10-26 00:09:31,39.6499,-121.5677,72.01,28,0,0.0
36,Upernavik,GL,2022-10-26 00:09:32,72.7868,-56.1549,22.57,94,100,8.79
37,Carnarvon,AU,2022-10-26 00:09:32,-24.8667,113.6333,66.51,58,0,23.47
38,Hilo,US,2022-10-26 00:09:32,19.7297,-155.09,83.25,73,75,5.01
39,Bluff,NZ,2022-10-26 00:09:32,-46.6,168.3333,51.8,90,100,15.55
40,Muravlenko,RU,2022-10-26 00:09:33,63.7898,74.523,22.91,93,99,20.04
41,Kodiak,US,2022-10-26 00:09:33,57.79,-152.4072,45.91,81,20,5.75
42,Faanui,PF,2022-10-26 00:09:33,-16.4833,-151.75,79.63,76,100,24.05
43,Pevek,RU,2022-10-26 00:09:34,69.7008,170.3133,0.93,91,17,5.23
44,Kjopsvik,NO,2022-10-26 00:09:34,68.097,16.3742,24.67,73,83,4.23
45,Henties Bay,NA,2022-10-26 00:09:34,-22.116,14.2845,57.4,95,79,3.62
46,Dingle,PH,2022-10-26 00:09:34,10.9995,122.6711,80.47,86,100,6.71
47,Aklavik,CA,2022-10-26 00:10:35,68.2191,-135.0107,5.49,98,84,5.99
48,Jasrana,IN,2022-10-26 00:10:35,27.25,78.6833,69.35,43,0,1.54
49,Ballina,AU,2022-10-26 00:10:35,-28.8667,153.5667,82.78,50,47,7.09
50,Kaitangata,NZ,2022-10-26 00:10:35,-46.2817,169.8464,53.55,71,100,5.64
51,Ushuaia,AR,2022-10-26 00:10:36,-54.8,-68.3,49.66,37,75,6.91
52,Los Llanos De Aridane,ES,2022-10-26 00:10:36,28.6585,-17.9182,65.95,78,40,6.91
53,Turukhansk,RU,2022-10-26 00:10:36,65.8167,87.9833,30.4,98,100,14.09
54,Tasiilaq,GL,2022-10-26 00:10:36,65.6145,-37.6368,32.16,97,100,3.51
55,Koumac,NC,2022-10-26 00:10:37,-20.5667,164.2833,78.93,72,10,6.22
56,College,US,2022-10-26 00:10:37,64.8569,-147.8028,26.58,76,75,10.36
57,Geraldton,AU,2022-10-26 00:10:37,-28.7667,114.6,64.81,55,3,17.27
58,Georgetown,MY,2022-10-26 00:10:38,5.4112,100.3354,83.23,85,20,0.0
59,Katangli,RU,2022-10-26 00:10:38,51.7102,143.2326,41.05,63,33,10.63
60,Cherskiy,RU,2022-10-26 00:10:38,68.75,161.3,-1.66,90,61,6.29
61,Port Lincoln,AU,2022-10-26 00:10:38,-34.7333,135.8667,59.36,76,91,13.56
62,Vaini,TO,2022-10-26 00:10:39,-21.2,-175.2,72.95,60,100,14.18
63,Kavaratti,IN,2022-10-26 00:10:39,10.5669,72.642,81.97,61,78,9.4
64,Khatanga,RU,2022-10-26 00:10:39,71.9667,102.5,0.16,99,86,5.97
65,Dunedin,NZ,2022-10-26 00:10:40,-45.8742,170.5036,55.8,67,100,2.57
66,Saint George,US,2022-10-26 00:10:40,37.1041,-113.5841,65.43,25,0,3.44
67,Corcoran,US,2022-10-26 00:10:40,36.098,-119.5604,77.09,17,40,5.1
68,Bredasdorp,ZA,2022-10-26 00:10:41,-34.5322,20.0403,60.93,73,100,8.79
69,Kapaa,US,2022-10-26 00:10:41,22.0752,-159.319,87.78,72,20,16.11
70,Ilulissat,GL,2022-10-26 00:10:41,69.2167,-51.1,26.62,93,100,2.3
71,Bahia Blanca,AR,2022-10-26 00:10:41,-38.7196,-62.2724,64.92,68,0,16.11
72,Xunchang,CN,2022-10-26 00:10:42,28.4543,104.715,59.47,94,100,1.3
73,Albany,US,2022-10-26 00:10:42,42.6001,-73.9662,67.39,88,83,4.54
74,Dikson,RU,2022-10-26 00:10:42,73.5069,80.5464,23.23,84,99,0.67
75,Aracruz,BR,2022-10-26 00:10:42,-19.8203,-40.2733,69.01,95,57,2.86
76,Ribeira Grande,PT,2022-10-26 00:10:43,38.5167,-28.7,61.77,69,88,1.99
77,Baghdad,IQ,2022-10-26 00:10:43,33.3406,44.4009,73.56,18,7,8.34
78,Saskylakh,RU,2022-10-26 00:10:43,71.9167,114.0833,-7.22,100,68,3.96
79,Mahebourg,MU,2022-10-26 00:10:44,-20.4081,57.7,71.26,81,5,11.41
80,Lavrentiya,RU,2022-10-26 00:10:44,65.5833,-171.0,27.48,75,89,12.33
81,Qovlar,AZ,2022-10-26 00:10:44,40.948,45.735,49.59,91,41,1.32
82,Cape Town,ZA,2022-10-26 00:06:12,-33.9258,18.4232,62.11,75,46,10.0
83,Provideniya,RU,2022-10-26 00:10:44,64.3833,-173.3,28.51,59,100,15.99
84,Port Blair,IN,2022-10-26 00:10:45,11.6667,92.75,77.04,94,40,1.14
85,Puerto Ayora,EC,2022-10-26 00:10:45,-0.7393,-90.3518,67.55,94,82,7.0
86,Ancud,CL,2022-10-26 00:10:45,-41.8697,-73.8203,52.36,96,90,18.92
87,Saint Paul,US,2022-10-26 00:10:45,44.9444,-93.0933,48.29,65,0,6.91
88,Tuatapere,NZ,2022-10-26 00:10:46,-46.1333,167.6833,52.72,88,100,2.01
89,Yumen,CN,2022-10-26 00:10:46,40.2833,97.2,38.16,51,0,8.93
90,Half Moon Bay,US,2022-10-26 00:09:15,37.4636,-122.4286,70.57,63,0,17.27
91,Loiza,PR,2022-10-26 00:10:47,18.4313,-65.8802,81.45,88,100,4.92
92,Kavieng,PG,2022-10-26 00:11:47,-2.5744,150.7967,83.98,73,100,5.77
93,Hasaki,JP,2022-10-26 00:11:48,35.7333,140.8333,57.6,65,100,29.51
94,Cabildo,AR,2022-10-26 00:11:48,-38.4842,-61.8954,63.43,90,92,18.77
95,Mandera,KE,2022-10-26 00:11:49,3.9366,41.867,79.92,68,84,13.87
96,Kautokeino,NO,2022-10-26 00:11:49,69.0125,23.0412,29.57,98,100,2.35
97,Ericeira,PT,2022-10-26 00:11:49,38.9627,-9.4156,68.34,90,5,12.24
98,Chokurdakh,RU,2022-10-26 00:11:50,70.6333,147.9167,6.94,96,100,1.79
99,San Carlos De Bariloche,AR,2022-10-26 00:08:08,-41.1456,-71.3082,51.03,73,59,10.58
100,Melita,CA,2022-10-26 00:11:50,49.2681,-100.9967,34.54,71,100,7.45
101,Brae,GB,2022-10-26 00:11:50,60.3964,-1.353,51.89,87,100,7.58
102,Trelew,AR,2022-10-26 00:11:51,-43.249,-65.3051,60.37,46,100,15.19
103,Chicama,PE,2022-10-26 00:11:51,-7.8447,-79.1469,59.54,78,100,7.05
104,Ciudad Bolivar,VE,2022-10-26 00:11:51,8.1222,-63.5497,83.98,68,100,4.59
105,Kamiiso,JP,2022-10-26 00:11:51,41.8167,140.65,51.82,51,0,1.95
106,Caarapo,BR,2022-10-26 00:11:52,-22.6342,-54.8222,69.85,64,0,6.02
107,Shimoda,JP,2022-10-26 00:11:52,34.6667,138.95,59.11,57,80,20.98
108,Norman Wells,CA,2022-10-26 00:11:52,65.282,-126.8329,17.64,93,75,5.75
109,Acapulco,MX,2022-10-26 00:07:17,16.8634,-99.8901,84.02,79,20,8.05
110,Aldan,RU,2022-10-26 00:11:52,58.6031,125.3894,21.96,93,100,8.59
111,Chuy,UY,2022-10-26 00:11:53,-33.6971,-53.4616,59.04,85,9,10.4
112,Ulaangom,MN,2022-10-26 00:11:53,49.9811,92.0667,22.84,60,15,3.09
113,Polyarnyy,RU,2022-10-26 00:11:54,69.1989,33.4478,32.65,75,99,13.89
114,Atuona,PF,2022-10-26 00:11:54,-9.8,-139.0333,77.31,69,2,17.52
115,Marabba,SD,2022-10-26 00:11:54,12.35,32.1833,81.1,18,21,10.83
116,Longyearbyen,SJ,2022-10-26 00:11:54,78.2186,15.6401,13.84,79,20,9.22
117,Svetlogorsk,BY,2022-10-26 00:11:55,52.6333,29.7333,50.97,98,99,5.55
118,Areka,ET,2022-10-26 00:11:56,7.0667,37.7,61.79,89,97,2.19
119,Conil,FR,2022-10-26 00:11:56,44.9673,3.7177,51.66,85,56,7.99
120,Dzhebariki-Khaya,RU,2022-10-26 00:11:56,62.2167,135.8,18.28,95,100,7.27
121,Huarmey,PE,2022-10-26 00:11:57,-10.0681,-78.1522,62.67,81,50,8.05
122,San Ramon De La Nueva Oran,AR,2022-10-26 00:11:57,-23.1322,-64.326,89.42,38,38,5.97
123,Taloqan,AF,2022-10-26 00:11:57,36.7361,69.5345,54.63,90,100,6.22
124,Castro,BR,2022-10-26 00:11:57,-24.7911,-50.0119,59.0,95,0,7.54
125,Saint-Philippe,RE,2022-10-26 00:11:58,-21.3585,55.7679,69.39,78,38,12.97
126,Zalantun,CN,2022-10-26 00:11:58,48.0,122.7167,39.74,72,99,11.56
127,Slave Lake,CA,2022-10-26 00:11:58,55.2834,-114.769,33.31,82,100,6.15
128,Korla,CN,2022-10-26 00:11:59,41.7597,86.1469,46.98,43,0,3.36
129,Mataura,NZ,2022-10-26 00:11:59,-46.1927,168.8643,51.48,77,100,5.48
130,Port Alfred,ZA,2022-10-26 00:11:59,-33.5906,26.891,60.19,90,97,1.99
131,Qaanaaq,GL,2022-10-26 00:12:00,77.484,-69.3632,21.33,97,100,2.68
132,Nanortalik,GL,2022-10-26 00:12:00,60.1432,-45.2371,33.42,75,1,4.27
133,Bokoro,TD,2022-10-26 00:12:01,12.3807,17.0568,81.01,17,7,11.43
134,Gambo,CF,2022-10-26 00:12:01,4.6482,22.2633,70.07,98,100,0.67
135,Iqaluit,CA,2022-10-26 00:12:01,63.7506,-68.5145,26.33,86,75,20.71
136,Iskateley,RU,2022-10-26 00:13:02,67.6803,53.1512,24.66,89,80,8.12
137,Alihe,CN,2022-10-26 00:13:02,50.5667,123.7167,34.25,54,100,7.29
138,Paamiut,GL,2022-10-26 00:13:03,61.994,-49.6678,30.69,61,49,7.2
139,Coihaique,CL,2022-10-26 00:13:03,-45.5752,-72.0662,52.41,71,75,5.75
140,Waipawa,NZ,2022-10-26 00:13:04,-41.4122,175.5153,61.23,58,51,15.88
141,Etchoropo,MX,2022-10-26 00:13:04,26.7667,-109.6667,84.42,44,80,13.96
142,Novaya Bryan,RU,2022-10-26 00:13:05,51.7159,108.2691,22.84,63,1,2.53
143,Cody,US,2022-10-26 00:12:00,44.5263,-109.0565,44.91,37,0,15.99
144,Port Elizabeth,ZA,2022-10-26 00:13:05,-33.918,25.5701,61.11,82,97,2.62
145,Souillac,MU,2022-10-26 00:13:05,-20.5167,57.5167,70.7,84,6,9.33
146,Del Rio,US,2022-10-26 00:09:03,29.3627,-100.8968,72.0,27,0,0.0
147,Sassandra,CI,2022-10-26 00:13:06,4.95,-6.0833,76.93,93,98,5.73
148,Butaritari,KI,2022-10-26 00:13:06,3.0707,172.7902,81.72,75,68,3.94
149,Petropavlovsk-Kamchatskiy,RU,2022-10-26 00:13:07,53.0452,158.6483,39.79,56,40,11.18
150,Coahuayana,MX,2022-10-26 00:13:07,18.7333,-103.6833,80.15,85,71,3.56
151,Lata,PT,2022-10-26 00:13:07,40.1629,-8.3327,61.07,93,1,4.18
152,Saldanha,ZA,2022-10-26 00:13:08,-33.0117,17.9442,58.91,90,14,12.33
153,Codrington,AU,2022-10-26 00:13:08,-38.2667,141.9667,59.13,94,100,11.88
154,Hobart,AU,2022-10-26 00:13:08,-42.8794,147.3294,58.86,97,75,19.57
155,Tuktoyaktuk,CA,2022-10-26 00:13:09,69.4541,-133.0374,10.29,94,64,7.76
156,Fribourg,CH,2022-10-26 00:13:09,46.8024,7.1513,58.08,81,20,0.0
157,Aykhal,RU,2022-10-26 00:13:09,66.0,111.5,12.06,99,65,10.2
158,Beyneu,KZ,2022-10-26 00:13:10,45.3167,55.2,48.96,76,82,14.14
159,Walvis Bay,NA,2022-10-26 00:13:11,-22.9575,14.5053,60.1,93,94,3.42
160,Axim,GH,2022-10-26 00:13:11,4.8699,-2.2405,77.61,87,70,4.88
161,Isangel,VU,2022-10-26 00:13:11,-19.55,169.2667,78.4,71,99,12.24
162,Miyako,JP,2022-10-26 00:13:12,39.6367,141.9525,53.76,55,95,13.87
163,Tilichiki,RU,2022-10-26 00:13:12,60.4667,166.1,31.12,85,87,20.36
164,Dunda,TZ,2022-10-26 00:13:12,-8.1167,34.25,68.36,51,94,2.59
165,Porto Empedocle,IT,2022-10-26 00:13:13,37.2934,13.5264,71.71,41,100,3.98
166,Vestmannaeyjar,IS,2022-10-26 00:13:13,63.4427,-20.2734,45.0,85,100,27.45
167,Nuevo Progreso,MX,2022-10-26 00:13:13,23.1667,-97.95,73.47,46,87,7.27
168,Victoria Point,AU,2022-10-26 00:13:14,-27.5833,153.3,87.26,53,55,4.0
169,Kharhial,IN,2022-10-26 00:13:14,20.2833,82.7667,65.48,80,0,0.78
170,Tiksi,RU,2022-10-26 00:13:15,71.6872,128.8694,18.41,91,100,12.88
171,Mount Gambier,AU,2022-10-26 00:13:15,-37.8333,140.7667,60.71,94,100,11.5
172,Nouadhibou,MR,2022-10-26 00:13:16,20.931,-17.0347,70.43,83,2,14.32
173,Wanning,CN,2022-10-26 00:13:16,18.8003,110.3967,76.6,89,95,12.24
174,Constitucion,CL,2022-10-26 00:13:16,-35.3333,-72.4167,54.93,94,76,4.61
175,Hofn,IS,2022-10-26 00:13:17,64.2539,-15.2082,42.49,83,100,16.24
176,Tazovskiy,RU,2022-10-26 00:13:17,67.4667,78.7,15.6,90,77,12.68
177,Zyryanka,RU,2022-10-26 00:12:22,65.75,150.85,14.63,92,97,9.51
178,East London,ZA,2022-10-26 00:14:18,-33.0153,27.9116,63.61,69,100,9.55
179,Pontes E Lacerda,BR,2022-10-26 00:14:18,-15.2261,-59.3353,77.9,70,33,3.96
180,Pasighat,IN,2022-10-26 00:14:18,28.0667,95.3333,66.52,96,68,2.91
181,Port Augusta,AU,2022-10-26 00:14:19,-32.5,137.7667,61.88,75,80,4.97
182,Puerto Lempira,HN,2022-10-26 00:14:19,15.2667,-83.7667,79.02,79,55,7.05
183,Bayeux,BR,2022-10-26 00:11:34,-7.125,-34.9322,77.63,83,40,6.91
184,Jiexiu,CN,2022-10-26 00:14:20,37.0244,111.9125,56.82,51,100,0.04
185,Rocha,UY,2022-10-26 00:13:26,-34.4833,-54.3333,56.14,88,8,8.61
186,Salalah,OM,2022-10-26 00:14:20,17.0151,54.0924,75.29,64,0,3.44
187,Pueblo,US,2022-10-26 00:14:21,38.2545,-104.6091,66.15,13,75,11.5
188,Evensk,RU,2022-10-26 00:14:21,61.95,159.2333,18.82,83,37,6.24
189,Maryville,US,2022-10-26 00:11:06,35.7565,-83.9705,72.68,59,75,6.91
190,Arraial Do Cabo,BR,2022-10-26 00:14:22,-22.9661,-42.0278,71.22,81,6,10.07
191,Namibe,AO,2022-10-26 00:14:22,-15.1961,12.1522,68.31,85,38,6.8
192,Sorland,NO,2022-10-26 00:14:22,67.667,12.6934,44.46,65,100,1.66
193,Kongoussi,BF,2022-10-26 00:14:23,13.3258,-1.5347,83.77,24,43,5.73
194,Torbay,CA,2022-10-26 00:14:23,47.6666,-52.7314,54.5,85,0,5.99
195,Imbituba,BR,2022-10-26 00:14:15,-28.24,-48.6703,63.57,87,19,8.32
196,Weiser,US,2022-10-26 00:14:24,44.251,-116.9693,53.8,68,32,4.97
197,Pangnirtung,CA,2022-10-26 00:14:24,66.1451,-65.7125,20.46,75,100,8.34
198,Dali,CN,2022-10-26 00:14:25,25.7,100.1833,58.77,96,98,2.95
199,Ostrovnoy,RU,2022-10-26 00:14:25,68.0531,39.5131,30.9,89,87,17.85
200,Yar-Sale,RU,2022-10-26 00:14:26,66.8333,70.8333,19.02,95,97,7.87
201,Samokov,BG,2022-10-26 00:14:26,42.3333,23.55,53.46,59,42,2.71
202,Joao Pinheiro,BR,2022-10-26 00:14:27,-17.7425,-46.1725,79.99,39,81,4.68
203,Kilindoni,TZ,2022-10-26 00:14:28,-7.9139,39.6668,76.44,78,22,11.5
204,Samarai,PG,2022-10-26 00:14:29,-10.6167,150.6667,82.78,67,12,9.01
205,Mount Isa,AU,2022-10-26 00:13:03,-20.7333,139.5,73.17,94,75,11.5
206,Zhaotong,CN,2022-10-26 00:14:29,27.3167,103.7167,51.64,97,99,6.44
207,Riachao Das Neves,BR,2022-10-26 00:14:29,-11.7461,-44.91,73.04,88,100,2.57
208,Rawson,AR,2022-10-26 00:10:51,-43.3002,-65.1023,58.17,57,100,16.31
209,Lozova,UA,2022-10-26 00:14:30,48.8894,36.3176,50.54,91,100,9.95
210,Lumphat,KH,2022-10-26 00:14:30,13.4878,106.9816,74.77,92,100,2.95
211,Port Macquarie,AU,2022-10-26 00:14:30,-31.4333,152.9167,81.9,51,6,2.98
212,Katwa,IN,2022-10-26 00:14:30,23.6399,88.128,69.67,83,0,3.44
213,Necochea,AR,2022-10-26 00:14:31,-38.5473,-58.7368,58.14,90,100,11.14
214,Iranshahr,IR,2022-10-26 00:14:31,27.2025,60.6848,73.08,23,0,1.77
215,Kimbe,PG,2022-10-26 00:14:31,-5.5502,150.1429,89.08,60,91,2.57
216,Thompson,CA,2022-10-26 00:10:10,55.7435,-97.8558,25.14,96,100,8.39
217,Airai,TL,2022-10-26 00:14:32,-8.9266,125.4092,69.33,69,100,0.18
218,Port-Gentil,GA,2022-10-26 00:14:32,-0.7193,8.7815,79.34,82,100,8.19
219,Cabo San Lucas,MX,2022-10-26 00:10:02,22.8909,-109.9124,84.61,50,0,11.5
220,Peniche,PT,2022-10-26 00:14:32,39.3558,-9.3811,66.29,92,0,13.2
221,Tahta,EG,2022-10-26 00:14:32,26.7693,31.5021,68.34,34,2,5.55
222,Campos Do Jordao,BR,2022-10-26 00:13:18,-22.7394,-45.5914,53.24,96,63,3.49
223,Roald,NO,2022-10-26 00:14:33,62.5833,6.1333,54.75,87,100,4.61
224,Ilo,PE,2022-10-26 00:15:33,-17.6394,-71.3375,60.8,83,4,7.43
225,Mayor Pablo Lagerenza,PY,2022-10-26 00:15:33,-19.9309,-60.7718,87.06,36,10,9.13
226,Kudahuvadhoo,MV,2022-10-26 00:15:33,2.6708,72.8944,80.89,80,62,10.92
227,Changli,CN,2022-10-26 00:15:34,39.7042,119.1506,58.15,71,44,5.1
228,Esperance,AU,2022-10-26 00:15:34,-33.8667,121.9,61.27,66,16,10.16
229,Baherden,TM,2022-10-26 00:15:34,38.4362,57.4316,57.88,65,6,4.12
230,Mayo,US,2022-10-26 00:15:35,38.8876,-76.5119,61.52,95,100,1.01
231,Biak,ID,2022-10-26 00:15:35,-0.9131,122.8766,80.28,73,98,4.14
232,Huixtla,MX,2022-10-26 00:15:35,15.15,-92.4667,82.08,90,42,2.51
233,Kulunda,RU,2022-10-26 00:15:36,52.566,78.9385,30.52,46,68,7.92
234,Scarborough,GB,2022-10-26 00:12:21,54.2797,-0.4044,54.97,89,99,4.0
235,Vardo,NO,2022-10-26 00:15:36,70.3705,31.1107,30.18,93,75,13.8
236,Yinchuan,CN,2022-10-26 00:15:36,38.4681,106.2731,51.12,34,55,13.35
237,San Patricio,US,2022-10-26 00:15:36,28.017,-97.5169,74.84,27,0,3.98
238,Pacific Grove,US,2022-10-26 00:15:37,36.6177,-121.9166,69.03,75,0,12.66
239,Linfen,CN,2022-10-26 00:15:37,36.0889,111.5189,60.73,49,100,1.92
240,Avarua,CK,2022-10-26 00:15:37,-21.2078,-159.775,77.05,53,100,8.05
241,Amga,RU,2022-10-26 00:15:38,60.8953,131.9608,23.88,94,91,6.73
242,Guerrero Negro,MX,2022-10-26 00:15:38,27.9769,-114.0611,72.43,44,0,13.62
243,Hare Bay,CA,2022-10-26 00:15:38,48.8499,-54.0148,56.55,82,1,4.16
244,Rio Grande,BR,2022-10-26 00:15:38,-32.035,-52.0986,66.31,88,0,18.5
245,Ambon,ID,2022-10-26 00:15:39,-3.6954,128.1814,86.14,79,20,1.14
246,Yanggu,CN,2022-10-26 00:15:39,36.1106,115.7753,59.25,52,100,10.76
247,Denham Springs,US,2022-10-26 00:15:30,30.4869,-90.9562,69.66,59,0,5.75
248,Amnat Charoen,TH,2022-10-26 00:15:39,15.9167,104.75,73.72,89,71,12.35
249,Bambous Virieux,MU,2022-10-26 00:15:39,-20.3428,57.7575,71.85,83,40,5.75
250,Fort Saint James,CA,2022-10-26 00:15:40,54.4333,-124.25,39.58,65,100,1.48
251,Bilma,NE,2022-10-26 00:13:23,18.6853,12.9164,70.52,15,0,5.26
252,Zlatoust,RU,2022-10-26 00:15:40,55.1711,59.6508,27.14,78,96,5.41
253,Rantepao,ID,2022-10-26 00:15:41,-2.9701,119.8978,74.41,83,96,1.25
254,Fort Nelson,CA,2022-10-26 00:15:15,58.8053,-122.7002,25.14,80,74,2.75
255,Shunyi,CN,2022-10-26 00:15:41,40.125,116.6453,49.95,93,76,2.24
256,Ipora,BR,2022-10-26 00:15:41,-16.4419,-51.1178,80.82,49,53,3.76
257,Sotouboua,TG,2022-10-26 00:15:41,8.5667,0.9833,75.24,94,100,1.48
258,Filimonovo,RU,2022-10-26 00:15:42,56.2011,95.4611,29.73,55,9,4.59
259,Makakilo City,US,2022-10-26 00:15:42,21.3469,-158.0858,86.32,61,20,16.11
260,Puerto Escondido,MX,2022-10-26 00:15:42,15.85,-97.0667,83.23,61,75,5.75
261,Beisfjord,NO,2022-10-26 00:15:43,68.3751,17.5988,30.04,80,77,3.67
262,Lasa,IT,2022-10-26 00:15:43,46.6166,10.7002,52.68,92,79,2.06
263,Bay City,US,2022-10-26 00:14:14,43.5945,-83.8889,70.02,58,75,13.8
264,Boddam,GB,2022-10-26 00:15:43,57.4667,-1.7833,53.98,89,100,16.04
265,Biltine,TD,2022-10-26 00:15:43,14.5333,20.9167,73.72,16,0,9.1
266,Paita,PE,2022-10-26 00:15:44,-5.0892,-81.1144,64.27,80,73,16.2
267,Monrovia,LR,2022-10-26 00:13:13,6.3005,-10.7969,78.57,88,60,6.17
268,Okhotsk,RU,2022-10-26 00:15:44,59.3833,143.3,24.46,58,24,8.3
269,Natal,BR,2022-10-26 00:13:04,-5.795,-35.2094,77.52,74,34,10.69
270,Cidreira,BR,2022-10-26 00:15:44,-30.1811,-50.2056,66.04,82,0,21.47
271,Te Anau,NZ,2022-10-26 00:16:45,-45.4167,167.7167,52.3,92,100,4.12
272,Viramgam,IN,2022-10-26 00:16:45,23.1225,72.0484,73.44,56,0,3.98
273,Sao Caetano De Odivelas,BR,2022-10-26 00:16:45,-0.75,-48.02,79.52,76,100,8.25
274,Aden,YE,2022-10-26 00:16:46,12.7794,45.0367,82.08,66,5,14.34
275,Champerico,GT,2022-10-26 00:16:46,14.3,-91.9167,81.43,77,45,7.45
276,Marrakesh,MA,2022-10-26 00:16:46,31.6315,-8.0083,73.47,33,0,2.3
277,Eydhafushi,MV,2022-10-26 00:16:47,5.1033,73.0708,81.03,79,87,9.78
278,Sao Gabriel Da Cachoeira,BR,2022-10-26 00:16:47,-0.1303,-67.0892,78.13,84,100,2.04
279,Mankayan,PH,2022-10-26 00:16:47,16.85,120.8,65.73,78,100,4.0
280,Zhigansk,RU,2022-10-26 00:12:15,66.7697,123.3711,-0.42,98,71,5.86
281,Oneonta,US,2022-10-26 00:15:52,42.4529,-75.0638,67.3,99,94,9.86
282,Hami,CN,2022-10-26 00:16:47,42.8,93.45,48.97,41,100,3.24
283,Johi,PK,2022-10-26 00:16:48,26.6921,67.6133,81.55,30,0,7.47
284,Esna,EG,2022-10-26 00:16:48,25.2934,32.554,68.56,41,0,7.09
285,Batemans Bay,AU,2022-10-26 00:15:42,-35.7167,150.1833,67.1,47,5,0.22
286,Sitka,US,2022-10-26 00:16:48,57.0531,-135.33,44.49,70,75,8.05
287,Pedro Juan Caballero,PY,2022-10-26 00:16:48,-22.5472,-55.7333,68.31,61,0,7.49
288,Agirish,RU,2022-10-26 00:16:49,61.9247,63.0231,24.6,87,28,4.29
289,New Norfolk,AU,2022-10-26 00:16:49,-42.7826,147.0587,58.5,82,100,5.01
290,Kirakira,SB,2022-10-26 00:16:49,-10.4544,161.9205,85.37,71,6,6.38
291,Muisne,EC,2022-10-26 00:16:49,0.6,-80.0333,74.8,82,100,9.82
292,Awbari,LY,2022-10-26 00:16:50,26.5921,12.7805,66.99,35,0,6.24
293,Auly,UA,2022-10-26 00:16:50,48.5271,34.4949,54.23,92,100,16.28
294,Jamestown,US,2022-10-26 00:16:50,42.097,-79.2353,65.84,53,0,6.91
295,Arlit,NE,2022-10-26 00:16:50,18.7369,7.3853,76.86,12,0,12.46
296,Wenatchee,US,2022-10-26 00:16:51,47.4235,-120.3103,57.58,49,100,11.5
297,Teya,RU,2022-10-26 00:16:51,60.3778,92.6267,28.83,77,100,13.76
298,Plainview,US,2022-10-26 00:12:57,40.7765,-73.4673,67.51,90,100,6.91
299,Severo-Kurilsk,RU,2022-10-26 00:16:51,50.6789,156.125,40.71,63,3,8.59
300,Hainichen,DE,2022-10-26 00:16:51,50.9667,13.1167,47.01,90,45,6.26
301,Sambava,MG,2022-10-26 00:16:52,-14.2667,50.1667,69.1,90,11,6.96
302,Vila Velha,BR,2022-10-26 00:16:52,-20.3297,-40.2925,69.94,97,75,0.0
303,Vallenar,CL,2022-10-26 00:16:53,-28.5708,-70.7581,58.69,61,3,2.46
304,Luderitz,NA,2022-10-26 00:16:53,-26.6481,15.1594,63.59,61,100,13.29
305,Faya,SA,2022-10-26 00:16:53,18.3851,42.4509,59.11,72,16,2.35
306,Pathardi,IN,2022-10-26 00:16:53,19.1667,75.1833,65.39,63,0,4.07
307,Derazhnya,UA,2022-10-26 00:16:54,49.2692,27.4338,52.72,91,91,8.61
308,Sao Joao Da Barra,BR,2022-10-26 00:16:54,-21.6403,-41.0511,71.69,88,41,9.75
309,Humen,CN,2022-10-26 00:16:54,22.819,113.6731,75.13,63,61,7.99
310,Nikolskoye,RU,2022-10-26 00:16:55,59.7035,30.7861,35.49,94,100,7.2
311,Mtsamboro,YT,2022-10-26 00:16:55,-12.6998,45.0689,78.12,75,54,16.17
312,Cockburn Town,TC,2022-10-26 00:16:55,21.4612,-71.1419,81.03,69,100,3.98
313,Novodugino,RU,2022-10-26 00:16:55,55.6305,34.2842,37.4,82,100,9.01
314,Soyo,AO,2022-10-26 00:16:56,-6.1349,12.3689,76.69,93,61,6.8
315,Monastyrshchina,RU,2022-10-26 00:16:56,54.3496,31.838,45.21,93,100,7.85
316,Ciro Marina,IT,2022-10-26 00:16:56,39.3732,17.126,70.38,54,24,10.0
317,Kostyantynivka,UA,2022-10-26 00:16:57,48.5277,37.7069,51.67,90,100,8.43
318,Bethel,US,2022-10-26 00:16:52,41.3712,-73.414,66.9,88,100,5.75
319,Iwanai,JP,2022-10-26 00:16:57,42.9744,140.5089,48.99,55,1,3.67
320,Det Udom,TH,2022-10-26 00:17:57,14.906,105.0784,75.02,94,94,3.24
321,Aleksandrovskoye,RU,2022-10-26 00:17:58,44.7142,43.0008,43.93,72,28,4.56
322,Vao,NC,2022-10-26 00:17:58,-22.6667,167.4833,69.22,89,100,11.88
323,Anadyr,RU,2022-10-26 00:17:58,64.75,177.4833,7.3,92,75,8.95
324,Karratha,AU,2022-10-26 00:17:58,-20.7377,116.8463,82.71,18,0,17.07
325,Strezhevoy,RU,2022-10-26 00:17:59,60.7333,77.5889,29.7,83,89,13.18
326,Mubi,NG,2022-10-26 00:17:59,10.2676,13.2644,74.39,40,85,0.27
327,Praia Da Vitoria,PT,2022-10-26 00:17:59,38.7333,-27.0667,59.76,94,40,13.67
328,Calama,CL,2022-10-26 00:17:26,-22.4667,-68.9333,61.29,11,0,17.27
329,Nybro,SE,2022-10-26 00:18:01,56.7446,15.9071,51.04,92,41,10.0
330,Sibolga,ID,2022-10-26 00:18:01,1.7427,98.7792,76.12,87,98,2.42
331,La Rioja,ES,2022-10-26 00:18:02,42.25,-2.5,47.98,78,100,8.01
332,Bubaque,GW,2022-10-26 00:18:02,11.2833,-15.8333,83.46,77,19,6.29
333,Kefar Shemaryahu,IL,2022-10-26 00:18:02,32.1856,34.8219,78.78,49,2,9.26
334,Oranjemund,NA,2022-10-26 00:17:02,-28.55,16.4333,56.82,92,99,6.78
335,Talnakh,RU,2022-10-26 00:18:03,69.4865,88.3972,6.58,96,95,2.59
336,Krasnyy Chikoy,RU,2022-10-26 00:18:03,50.3643,108.7512,18.93,74,1,3.58
337,Lardos,GR,2022-10-26 00:18:04,36.0942,28.0157,64.22,59,0,1.23
338,Ahuimanu,US,2022-10-26 00:18:04,21.4447,-157.8378,87.51,69,20,16.11
339,Arzgir,RU,2022-10-26 00:18:04,45.3728,44.2206,44.51,69,7,4.9
340,Byron Bay,AU,2022-10-26 00:14:20,-28.65,153.6167,82.71,47,37,5.41
341,Pringsewu,ID,2022-10-26 00:18:05,-5.3582,104.9744,73.87,95,100,5.08
342,Oga,IT,2022-10-26 00:18:05,46.4631,10.347,45.28,97,92,3.91
343,Pangoa,PE,2022-10-26 00:18:06,-12.1167,-73.0,73.78,84,97,2.66
344,Mercedes,AR,2022-10-26 00:18:06,-34.6515,-59.4307,74.03,58,97,12.91
345,Urumqi,CN,2022-10-26 00:18:06,43.801,87.6005,36.55,65,0,4.47
346,Black River,JM,2022-10-26 00:18:07,18.0264,-77.8487,80.46,73,18,1.36
347,Verkhnevilyuysk,RU,2022-10-26 00:18:07,63.4453,120.3167,23.02,92,93,8.05
348,Bangui,CF,2022-10-26 00:18:07,4.3612,18.555,71.11,97,96,1.39
349,Clyde River,CA,2022-10-26 00:18:08,70.4692,-68.5914,5.23,66,0,3.44
350,Ola,RU,2022-10-26 00:18:08,59.5833,151.2833,26.15,82,65,8.08
351,Luanda,AO,2022-10-26 00:16:08,-8.8368,13.2343,76.14,86,8,9.84
352,Kemijarvi,FI,2022-10-26 00:18:09,66.7131,27.4306,29.62,83,100,5.55
353,Deputatskiy,RU,2022-10-26 00:18:09,69.3,139.9,12.65,86,100,13.56
354,Rayagada,IN,2022-10-26 00:18:10,19.1667,83.4167,66.52,84,5,2.53
355,Otradnoye,RU,2022-10-26 00:18:11,59.7775,30.8181,35.65,92,100,7.16
356,Seidu,SL,2022-10-26 00:18:11,9.0167,-10.6,70.9,81,43,2.1
357,Bonavista,CA,2022-10-26 00:18:11,48.6499,-53.1147,51.62,84,4,7.72
358,Bereda,ES,2022-10-26 00:18:11,43.2686,-7.5406,61.41,91,61,9.53
359,Omsukchan,RU,2022-10-26 00:18:12,62.5333,155.8,10.27,82,8,6.73
360,Tynda,RU,2022-10-26 00:18:12,55.1667,124.7167,18.07,75,20,2.68
361,Yeppoon,AU,2022-10-26 00:18:12,-23.1333,150.7333,85.78,41,8,0.47
362,Ban Chang,TH,2022-10-26 00:18:13,12.7254,101.0553,79.74,83,20,3.44
363,Katima Mulilo,NA,2022-10-26 00:18:13,-17.5,24.2667,74.5,39,16,3.36
364,Mardin,TR,2022-10-26 00:18:13,37.3131,40.7436,56.25,31,28,3.42
365,Bouna,CI,2022-10-26 00:16:09,9.2667,-3.0,77.85,62,77,4.59
366,Chapais,CA,2022-10-26 00:17:49,49.7834,-74.8492,58.78,82,97,12.71
367,Narsaq,GL,2022-10-26 00:18:15,60.9167,-46.05,23.38,70,0,8.39
368,Guhagar,IN,2022-10-26 00:18:15,17.4842,73.1929,70.21,76,0,5.5
369,Plettenberg Bay,ZA,2022-10-26 00:18:15,-34.0527,23.3716,59.43,81,95,2.17
370,Saint-Ambroise,CA,2022-10-26 00:19:15,48.5501,-71.3324,53.92,91,95,4.36
371,Fortuna,US,2022-10-26 00:19:16,40.5982,-124.1573,58.93,75,0,9.22
372,Camargo,MX,2022-10-26 00:18:39,27.6667,-105.1667,71.37,30,52,4.36
373,Avera,US,2022-10-26 00:19:16,33.194,-82.5271,67.51,47,99,7.52
374,Huicheng,CN,2022-10-26 00:19:17,23.0385,116.2899,69.28,69,100,16.08
375,Sistranda,NO,2022-10-26 00:19:17,63.7256,8.834,46.36,90,100,11.45
376,Namatanai,PG,2022-10-26 00:19:17,-3.6667,152.4333,85.5,65,84,4.45
377,Havelock,US,2022-10-26 00:19:18,34.8791,-76.9013,63.0,92,100,5.75
378,Mahanoro,MG,2022-10-26 00:19:18,-19.9,48.8,69.6,90,80,7.96
379,Chernyshevsk,RU,2022-10-26 00:19:19,52.5243,117.0174,24.66,55,1,1.72
380,Harper,LR,2022-10-26 00:19:20,4.375,-7.7169,76.89,90,61,8.08
381,Tabuk,PH,2022-10-26 00:19:21,17.4189,121.4443,74.64,82,100,8.25
382,Nara,JP,2022-10-26 00:19:21,34.6851,135.8049,61.97,43,0,0.87
383,Chimbote,PE,2022-10-26 00:14:55,-9.0853,-78.5783,61.97,82,61,8.9
384,Balykshi,KZ,2022-10-26 00:19:22,47.0667,51.8667,30.2,93,29,6.71
385,Jining,CN,2022-10-26 00:16:37,35.405,116.5814,57.79,57,100,11.3
386,Hovd,MN,2022-10-26 00:19:22,48.0056,91.6419,26.22,52,100,1.14
387,Mount Pleasant,US,2022-10-26 00:19:23,32.7941,-79.8626,65.25,96,0,3.0
388,Fare,PF,2022-10-26 00:19:23,-16.7,-151.0167,79.77,77,100,24.18
389,Mathathane,BW,2022-10-26 00:19:23,-22.2687,28.7495,81.32,38,6,7.23
390,Ranong,TH,2022-10-26 00:19:23,9.9658,98.6348,76.93,87,100,1.5
391,Xining,CN,2022-10-26 00:18:10,36.6167,101.7667,44.26,88,87,0.09
392,Antalaha,MG,2022-10-26 00:19:24,-14.9003,50.2788,69.4,82,48,4.61
393,San Pedro,PH,2022-10-26 00:16:39,14.35,121.0167,78.03,92,75,0.0
394,Abha,SA,2022-10-26 00:19:25,18.2164,42.5053,58.82,82,0,0.0
395,Marostica,IT,2022-10-26 00:19:25,45.7468,11.6579,62.69,83,55,3.13
396,Agadez,NE,2022-10-26 00:19:26,19.75,10.25,67.86,15,0,8.16
397,Meulaboh,ID,2022-10-26 00:19:26,4.1363,96.1285,76.77,88,100,3.89
398,Pervoye Maya,RU,2022-10-26 00:19:26,56.164,44.7196,30.15,89,26,1.72
399,San Buenaventura,MX,2022-10-26 00:19:26,27.0833,-101.5333,75.47,26,20,6.04
400,Leh,IN,2022-10-26 00:19:27,34.1667,77.5833,28.44,53,0,1.39
401,Tirano,IT,2022-10-26 00:19:27,46.2154,10.1679,60.48,95,87,0.54
402,Doha,QA,2022-10-26 00:19:25,25.2867,51.5333,80.58,69,0,2.3
403,Porto Belo,BR,2022-10-26 00:19:28,-27.1578,-48.5531,69.75,78,7,4.12
404,Yeniseysk,RU,2022-10-26 00:19:28,58.4497,92.1703,29.66,77,23,6.71
405,Jalu,LY,2022-10-26 00:19:28,29.0331,21.5482,66.47,83,0,7.0
406,San Blas,MX,2022-10-26 00:19:29,21.5167,-105.2667,87.69,81,32,4.88
407,Novobirilyussy,RU,2022-10-26 00:19:29,56.9514,90.6661,29.25,71,20,6.24
408,Berbera,SO,2022-10-26 00:19:29,10.4396,45.0143,82.13,65,15,7.25
409,Russell,US,2022-10-26 00:14:51,32.3502,-85.1999,70.88,94,75,3.44
410,Ilhabela,BR,2022-10-26 00:15:48,-23.7781,-45.3581,69.48,85,66,6.78
411,Erzin,TR,2022-10-26 00:19:30,36.9559,36.2,68.63,37,34,6.85
412,Lompoc,US,2022-10-26 00:20:30,34.6391,-120.4579,74.79,60,0,20.71
413,Muros,ES,2022-10-26 00:20:31,42.7762,-9.0603,66.83,79,29,21.0
414,Blyth,GB,2022-10-26 00:20:31,55.1271,-1.5086,56.08,92,99,12.21
415,Zhmerynka,UA,2022-10-26 00:20:32,49.037,28.112,51.22,90,85,9.93
416,China,MX,2022-10-26 00:20:32,25.7,-99.2333,75.9,20,3,6.13
417,Belen,TR,2022-10-26 00:20:32,36.4891,36.2233,50.14,67,40,1.14
418,Ahipara,NZ,2022-10-26 00:20:33,-35.1667,173.1667,65.1,56,44,9.53
419,Pangkalanbuun,ID,2022-10-26 00:20:33,-2.6833,111.6167,77.59,93,100,2.55
420,Casablanca,MA,2022-10-26 00:17:05,33.5928,-7.6192,77.02,69,100,4.0
421,Ishigaki,JP,2022-10-26 00:20:34,24.3448,124.1572,77.13,61,40,16.11
422,Koratagere,IN,2022-10-26 00:20:34,13.5228,77.2331,63.36,75,7,1.88
423,Bandarbeyla,SO,2022-10-26 00:20:34,9.4942,50.8122,76.59,79,32,3.38
424,Teguise,ES,2022-10-26 00:20:34,29.0605,-13.564,68.22,83,0,4.61
425,Kungalv,SE,2022-10-26 00:20:35,57.871,11.9805,53.26,91,58,10.96
426,Haicheng,CN,2022-10-26 00:20:35,40.8516,122.7475,54.77,75,31,13.89
427,Jacksonville,US,2022-10-26 00:18:40,30.3322,-81.6556,72.0,81,40,6.91
428,Krasnorechenskiy,RU,2022-10-26 00:20:35,44.6265,135.3532,44.53,31,3,1.25
429,San Rafael,AR,2022-10-26 00:20:36,-34.6177,-68.3301,68.59,56,75,13.8
430,Nemuro,JP,2022-10-26 00:20:36,43.3236,145.575,47.32,54,14,6.67
431,Wajima,JP,2022-10-26 00:20:36,37.4,136.9,59.68,72,20,6.91
432,Comodoro Rivadavia,AR,2022-10-26 00:20:37,-45.8667,-67.5,55.26,58,0,9.22
433,Sao Miguel Do Araguaia,BR,2022-10-26 00:20:23,-13.275,-50.1628,79.12,63,99,2.37
434,Maniwaki,CA,2022-10-26 00:20:37,46.3834,-75.966,57.58,94,100,0.0
435,Katherine,AU,2022-10-26 00:20:37,-14.4667,132.2667,88.12,62,75,10.36
436,Xingyi,CN,2022-10-26 00:20:38,24.1877,102.817,55.56,96,36,2.28
437,Maldonado,UY,2022-10-26 00:17:26,-34.6667,-54.9167,63.79,91,31,10.11
438,Camacha,PT,2022-10-26 00:20:38,33.0833,-16.3333,67.42,83,20,13.8
439,Pravda,RU,2022-10-26 00:20:38,46.9396,142.009,49.06,64,24,9.42
440,Honiara,SB,2022-10-26 00:20:38,-9.4333,159.95,86.61,66,17,5.03
441,Lamu,KE,2022-10-26 00:20:40,-2.2717,40.902,79.02,85,87,9.95
442,Segou,ML,2022-10-26 00:20:40,13.4317,-6.2157,83.3,26,45,6.4
443,Northam,GB,2022-10-26 00:20:41,51.0333,-4.2167,59.61,96,91,20.49
444,Sorong,ID,2022-10-26 00:20:41,-0.8833,131.25,82.18,80,95,7.45
445,Columbus,US,2022-10-26 00:17:08,39.9612,-82.9988,70.32,56,100,6.91
446,Kurkent,RU,2022-10-26 00:20:41,41.712,48.1153,45.48,79,61,2.71
447,Ibra,OM,2022-10-26 00:20:42,22.6906,58.5334,71.01,45,0,2.3
448,Nakasongola,UG,2022-10-26 00:20:42,1.3089,32.4564,63.1,88,92,2.64
449,Mattru,SL,2022-10-26 00:20:42,7.6244,-11.8332,74.68,96,52,2.26
450,Sept-Iles,CA,2022-10-26 00:18:53,50.2001,-66.3821,50.52,93,100,4.61
451,Puerto Suarez,BO,2022-10-26 00:20:43,-18.95,-57.8,83.64,41,13,3.69
452,Beira,MZ,2022-10-26 00:20:43,-19.8436,34.8389,75.69,89,17,6.87
453,Yambio,SS,2022-10-26 00:20:44,4.5721,28.3955,67.41,97,95,1.32
454,Puerto Maldonado,PE,2022-10-26 00:20:44,-12.6,-69.1833,79.81,78,84,1.95
455,Polewali,ID,2022-10-26 00:20:44,-3.4324,119.3435,82.15,78,98,1.07
456,Coquimbo,CL,2022-10-26 00:20:45,-29.9533,-71.3436,56.93,76,40,6.91
457,Saint-Hyacinthe,CA,2022-10-26 00:20:45,45.6168,-72.9491,70.66,84,31,8.1
458,Diego De Almagro,CL,2022-10-26 00:21:45,-26.3667,-70.05,60.12,46,1,3.36
459,Berlevag,NO,2022-10-26 00:21:46,70.8578,29.0864,33.8,78,100,9.13
460,Kyra,RU,2022-10-26 00:21:46,49.5776,111.9753,21.04,59,0,3.67
461,Verkhoyansk,RU,2022-10-26 00:21:46,67.5447,133.385,14.49,83,100,3.47
462,Arrifes,PT,2022-10-26 00:21:47,37.7667,-25.7,61.23,72,40,6.91
463,Port Hedland,AU,2022-10-26 00:21:49,-20.3167,118.5667,86.05,15,0,14.97
464,Klaksvik,FO,2022-10-26 00:21:50,62.2266,-6.589,47.32,86,100,8.84
465,Umm Lajj,SA,2022-10-26 00:17:21,25.0213,37.2685,78.76,59,0,7.87
466,Pitea,SE,2022-10-26 00:21:51,65.3172,21.4794,39.29,88,96,3.13
467,Oktyabrskoye,RU,2022-10-26 00:21:51,43.0645,44.7417,32.14,100,51,4.47
468,Shache,CN,2022-10-26 00:21:51,38.4167,77.2406,51.71,26,83,3.24
469,Manokwari,ID,2022-10-26 00:21:52,-0.8667,134.0833,82.76,74,100,7.18
470,Banda Aceh,ID,2022-10-26 00:21:52,5.5577,95.3222,79.52,80,97,5.91
471,Carbonia,IT,2022-10-26 00:17:51,39.1672,8.5222,56.35,33,94,2.51
472,Carnot,CF,2022-10-26 00:21:53,4.9409,15.8665,69.08,93,36,1.3
473,Ajdabiya,LY,2022-10-26 00:21:53,30.7554,20.2263,67.95,85,0,8.63
474,Nanyang,CN,2022-10-26 00:21:54,32.9947,112.5328,55.17,87,100,5.64
475,Palkonda,IN,2022-10-26 00:21:54,18.6,83.75,69.28,81,53,4.61
476,Saint Peters,US,2022-10-26 00:19:56,38.8003,-90.6265,46.38,93,100,17.27
477,Jember,ID,2022-10-26 00:21:55,-8.166,113.7032,76.12,91,100,0.85
478,Lazaro Cardenas,MX,2022-10-26 00:21:55,17.9583,-102.2,81.12,84,34,7.23
479,Atar,MR,2022-10-26 00:21:55,20.5169,-13.0499,85.71,14,100,5.77
480,Vuktyl,RU,2022-10-26 00:21:55,63.8567,57.3094,23.27,96,100,4.36
481,Vilhena,BR,2022-10-26 00:21:56,-12.7406,-60.1458,70.79,94,97,3.2
482,Quelimane,MZ,2022-10-26 00:21:56,-17.8786,36.8883,76.95,78,0,9.22
483,Sola,VU,2022-10-26 00:21:57,-13.8833,167.55,79.63,75,10,1.25
484,Kaeo,NZ,2022-10-26 00:21:57,-35.1,173.7833,63.14,61,60,9.28
485,Ojinaga,MX,2022-10-26 00:18:50,29.5667,-104.4167,72.55,24,0,0.0
486,Marion,US,2022-10-26 00:21:57,39.7684,-86.1555,63.03,95,100,10.36
487,Morgan City,US,2022-10-26 00:21:58,29.6994,-91.2068,68.0,59,0,4.61
488,Neuquen,AR,2022-10-26 00:21:58,-38.9516,-68.0591,69.69,35,40,3.44
489,Kloulklubed,PW,2022-10-26 00:21:58,7.0419,134.2556,81.1,78,100,20.24
490,Cap Malheureux,MU,2022-10-26 00:21:58,-19.9842,57.6142,71.47,72,38,3.0
491,Darhan,MN,2022-10-26 00:21:59,49.4867,105.9228,23.67,70,0,7.09
492,Suleja,NG,2022-10-26 00:21:59,9.1758,7.1808,74.39,93,93,1.83
493,Jatai,BR,2022-10-26 00:21:59,-17.8814,-51.7144,78.51,41,15,5.5
494,Acajutla,SV,2022-10-26 00:21:59,13.5928,-89.8275,80.65,82,93,4.27
495,Skala,PL,2022-10-26 00:22:00,50.2305,19.8536,51.62,93,75,1.14
496,Taksimo,RU,2022-10-26 00:22:00,56.3444,114.8794,18.79,73,76,3.09
497,Torrijos,ES,2022-10-26 00:22:00,39.9819,-4.2835,65.84,74,86,2.01
498,Lorengau,PG,2022-10-26 00:22:01,-2.0226,147.2712,86.45,60,99,5.28
499,Bagrami,AF,2022-10-26 00:22:01,34.4938,69.2743,50.74,27,0,1.9
500,Yulara,AU,2022-10-26 00:22:01,-25.2406,130.9889,75.54,30,0,11.12
501,Ploemeur,FR,2022-10-26 00:22:01,47.7333,-3.4333,61.83,92,75,16.11
502,Buala,SB,2022-10-26 00:22:02,-8.145,159.5921,83.93,74,45,5.1
503,Sur,OM,2022-10-26 00:22:02,22.5667,59.5289,79.32,48,0,7.52
504,Dhidhdhoo,MV,2022-10-26 00:22:03,6.8833,73.1,80.38,77,68,2.95
505,Anloga,GH,2022-10-26 00:23:03,5.7947,0.8973,80.24,82,97,8.03
506,Shumikha,RU,2022-10-26 00:23:03,55.2261,63.2961,29.26,77,100,8.77
507,Soja,JP,2022-10-26 00:23:04,34.6667,133.75,59.88,76,20,6.91
508,Pandaria,IN,2022-10-26 00:23:04,22.2333,81.4167,61.52,64,0,1.9
509,Langsa,ID,2022-10-26 00:23:04,4.4683,97.9683,73.45,99,100,3.11
510,Port-Cartier,CA,2022-10-26 00:23:05,50.0334,-66.8654,50.22,87,99,1.45
511,Skjervoy,NO,2022-10-26 00:23:05,70.0311,20.9714,28.4,58,100,3.36
512,Pine Bluff,US,2022-10-26 00:23:05,34.2284,-92.0032,57.13,60,0,16.11
513,Kieta,PG,2022-10-26 00:23:06,-6.2167,155.6333,85.86,68,88,5.14
514,Hargeysa,SO,2022-10-26 00:23:06,9.56,44.065,68.94,80,71,2.82
515,Bengkulu,ID,2022-10-26 00:23:07,-3.8004,102.2655,74.34,92,100,6.2
516,Micheweni,TZ,2022-10-26 00:23:07,-4.9667,39.8333,75.76,85,16,7.4
517,Camalu,MX,2022-10-26 00:23:07,30.85,-116.0667,69.31,39,0,8.86
518,Padang,ID,2022-10-26 00:23:08,-0.9492,100.3543,75.25,87,100,2.26
519,Faro,PT,2022-10-26 00:20:00,37.0194,-7.9322,67.96,94,20,2.3
520,Mecca,SA,2022-10-26 00:21:31,21.4267,39.8261,79.61,64,44,4.12
521,Saint-Pierre,RE,2022-10-26 00:23:09,-21.3393,55.4781,70.92,73,0,5.75
522,Cabedelo,BR,2022-10-26 00:23:09,-6.9811,-34.8339,77.67,76,59,10.18
523,Grand Gaube,MU,2022-10-26 00:23:09,-20.0064,57.6608,72.0,72,27,3.0
524,Tondano,ID,2022-10-26 00:23:11,1.3038,124.9112,77.09,73,97,2.59
525,Kingman,US,2022-10-26 00:20:03,35.1894,-114.053,68.52,8,0,11.5
526,Bathsheba,BB,2022-10-26 00:23:11,13.2167,-59.5167,83.01,83,40,21.85
527,Greenwood,US,2022-10-26 00:23:11,34.1668,-82.1165,64.56,67,0,6.91
528,Barra Da Estiva,BR,2022-10-26 00:23:12,-13.6261,-41.3269,65.16,92,96,3.69
529,Whitehorse,CA,2022-10-26 00:21:28,60.7161,-135.0538,20.17,73,20,4.61
530,Jumla,NP,2022-10-26 00:23:12,29.2747,82.1838,41.45,47,0,5.28
531,Inhambane,MZ,2022-10-26 00:23:12,-23.865,35.3833,75.51,89,1,11.14
532,Sakakah,SA,2022-10-26 00:23:13,29.9697,40.2064,72.97,35,62,15.19
533,Shingu,JP,2022-10-26 00:23:13,33.7333,135.9833,60.31,47,0,2.62
534,Komsomolskiy,UZ,2022-10-26 00:23:13,40.4272,71.7189,56.12,76,75,13.8
535,Tucurui,BR,2022-10-26 00:23:13,-3.7661,-49.6725,78.67,80,100,0.92
536,Tateyama,JP,2022-10-26 00:23:14,34.9833,139.8667,55.09,68,97,22.62
537,Davila,PH,2022-10-26 00:23:14,18.4726,120.5763,82.38,77,100,25.46
538,Kaarina,FI,2022-10-26 00:23:14,60.4072,22.369,52.02,98,99,6.91
539,Kamenka,RU,2022-10-26 00:23:15,51.3223,42.7678,33.93,69,34,6.58
540,Jimani,DO,2022-10-26 00:23:15,18.4917,-71.8502,76.89,76,100,4.09
541,Seydi,TM,2022-10-26 00:23:16,39.4816,62.9137,53.29,61,4,7.94
542,Am Timan,TD,2022-10-26 00:23:16,11.0297,20.2827,74.44,39,9,4.07
543,Lima,PE,2022-10-26 00:18:26,-12.0432,-77.0282,61.9,82,75,8.05
544,Ocamonte,CO,2022-10-26 00:23:17,6.3401,-73.1223,64.42,98,100,0.43
545,Vomp,AT,2022-10-26 00:23:17,47.3333,11.6833,50.63,92,97,5.91
546,Sao Filipe,CV,2022-10-26 00:23:18,14.8961,-24.4956,78.4,79,90,5.41
547,Borogontsy,RU,2022-10-26 00:23:18,62.6683,131.1683,19.74,97,96,5.39
548,Lac Du Bonnet,CA,2022-10-26 00:23:18,50.2536,-96.0612,32.54,78,100,9.48
549,Luau,AO,2022-10-26 00:23:20,-10.7073,22.2247,67.32,77,77,1.97
550,Belaya Gora,RU,2022-10-26 00:23:21,68.5333,146.4167,15.1,95,100,7.99
551,Yermakovskoye,RU,2022-10-26 00:23:21,53.2831,92.4003,27.81,56,5,2.59
552,Calabar,NG,2022-10-26 00:24:21,4.9517,8.322,74.1,97,99,1.68
553,Katobu,ID,2022-10-26 00:24:21,-4.9408,122.5276,84.24,72,63,2.21
554,Goderich,CA,2022-10-26 00:24:22,43.7501,-81.7165,64.9,55,97,10.36
555,Birin,NP,2022-10-26 00:24:22,26.8865,88.0718,54.03,91,37,3.27
556,Ikalamavony,MG,2022-10-26 00:24:22,-21.15,46.5833,70.36,63,96,2.08
557,Corinth,GR,2022-10-26 00:24:23,37.9407,22.9573,67.78,58,6,1.81
558,High Level,CA,2022-10-26 00:24:23,58.5169,-117.136,28.51,93,100,4.61
559,Amos,CA,2022-10-26 00:24:24,48.5669,-78.1162,56.17,88,96,9.78
560,Bairiki,KI,2022-10-26 00:24:24,1.3292,172.9752,80.8,78,79,12.97
561,Old Town,CZ,2022-10-26 00:24:24,50.087,14.4202,50.29,93,0,6.91
562,Luba,GQ,2022-10-26 00:24:24,3.4568,8.5547,73.29,89,93,6.2
563,Aleksandriyskaya,RU,2022-10-26 00:24:25,44.2272,43.3453,42.64,93,25,5.3
564,Naze,JP,2022-10-26 00:24:25,28.3667,129.4833,70.72,63,98,18.32
565,Shaowu,CN,2022-10-26 00:24:25,27.3409,117.4831,62.22,60,54,3.24
566,Sarahan,IN,2022-10-26 00:24:25,31.5167,77.8,45.5,41,0,7.74
567,Hambantota,LK,2022-10-26 00:24:26,6.1241,81.1185,76.1,87,100,5.12
568,Guaruja,BR,2022-10-26 00:23:45,-23.9931,-46.2564,69.98,79,15,9.19
569,Galesong,ID,2022-10-26 00:24:26,-5.3166,119.3661,80.62,76,90,2.66
570,Pascagoula,US,2022-10-26 00:24:27,30.3658,-88.5561,72.32,88,0,3.44
571,The Valley,AI,2022-10-26 00:24:27,18.217,-63.0578,82.26,80,97,16.87
572,Nyimba,ZM,2022-10-26 00:24:27,-14.5566,30.8149,76.28,42,5,3.56
573,Gryazi,RU,2022-10-26 00:24:28,52.4966,39.9359,34.95,77,76,6.98
574,Marystown,CA,2022-10-26 00:24:28,47.1666,-55.1483,54.27,91,4,9.15
575,Atambua,ID,2022-10-26 00:24:28,-9.1061,124.8925,81.16,68,98,1.39
576,Gucheng,CN,2022-10-26 00:24:29,35.9115,111.3192,59.83,50,100,1.16
577,Saint-Georges,GD,2022-10-26 00:24:29,12.0564,-61.7485,80.28,89,40,17.27
578,Alofi,NU,2022-10-26 00:24:29,-19.0595,-169.9187,76.89,57,75,13.8
579,Nantucket,US,2022-10-26 00:24:30,41.2835,-70.0995,68.11,95,100,12.66
